epoch,time,train/loss,metrics/accuracy_top1,metrics/accuracy_top5,val/loss,lr/pg0,lr/pg1,lr/pg2
1,320.978,2.85747,0.64384,0.87976,1.32704,0.00333263,0.00333263,0.00333263
2,570.662,1.95043,0.6977,0.90717,1.11172,0.00600603,0.00600603,0.00600603
